c1,c2,c3,c4,c5,c6,c7,c8,c9,c10,c11,c12,c13,c14,c15,c16,c17,c18,c19,c20,c21,c22,c23,c24,class
0.284,0.813,0.749,0.291,0.384,0.154,0.396,0.518,0.404,0.173,0.567,0.275,0.261,0.444,0.898,0.226,0.774,0.772,0.906,0.536,0.518,0.311,0.202,0.836,0
0,0.9,0.82,0.214,0.307,0.169,0.38,0.369,0.436,0.275,0.633,0.314,0.266,0.333,0.902,0.281,0.851,0.832,0.933,0.454,0.437,0.083,0.112,0.815,0
0.264,0.807,0.457,0.398,0.184,0.372,0.498,0.447,0.504,0.342,0.567,0.118,0.318,0.222,0.702,0.692,0.43,0.367,0.647,0.646,0.633,0.575,0.235,0.644,1
0.475,0.671,0.423,0.397,0.287,0.398,0.649,0.478,0.466,0.306,0.4,0.255,0.434,0.111,0.649,0.19,0.26,0.248,0.544,0.898,0.883,0.746,0.274,0.601,1
0.39,0.767,0.557,0.214,0.555,0.287,0.554,0.457,0.397,0.176,0.233,0.49,0.451,0.333,0.769,0.089,0.463,0.428,0.708,0.815,0.796,0.492,0.232,0.71,1
0.288,0.847,0.56,0.179,0.29,0.263,0.459,0.424,0.332,0.184,0.267,0.51,0.29,0.333,0.808,0.164,0.554,0.514,0.769,0.675,0.658,0.575,0.255,0.778,1
0.373,0.909,0.75,0.297,0.587,0.161,0.537,0.409,0.467,0.3,0.4,0.51,0.48,0.333,0.911,0.132,0.645,0.705,0.871,0.508,0.49,0.254,0.169,0.862,1
0.317,0.902,0.555,0.416,0.293,0.357,0.716,0.617,0.546,0.167,0.467,0.176,0.399,0.111,0.735,0.485,0.312,0.342,0.626,0.629,0.615,0.697,0.261,0.66,1
0.275,0.97,0.436,0.45,0.447,0.353,0.671,0.498,0.638,0.328,0.067,1,1,0.333,0.752,0.004,0.251,0.314,0.613,0.618,0.604,0.722,0.254,0.662,0
0.237,1,0.393,0.399,0.183,0.403,0.418,0.675,0.62,0.087,0.4,0.137,0.323,0.333,0.714,0.852,0.448,0.4,0.659,0.428,0.42,0.106,0.073,0.534,0
0.233,0.736,0.432,0.266,0.36,0.472,0.57,0.599,0.391,0.062,0.333,0.176,0.243,0.111,0.597,0.228,0.341,0.235,0.532,0.619,0.611,0.795,0.283,0.471,1
0.364,0.852,0.382,0.15,0.316,0.444,0.423,0.44,0.342,0.143,0.167,0.549,0.531,0.222,0.646,0.07,0.434,0.304,0.606,0.571,0.561,0.713,0.235,0.534,1
0.341,0.796,0.442,0.452,0.221,0.316,0.465,0.568,0.536,0.252,0.267,0.373,0.451,0.333,0.749,0.458,0.447,0.409,0.686,0.412,0.402,0.049,0.095,0.585,1
0.288,0.769,0.322,0.198,0.266,0.449,0.586,0.577,0.315,0.029,0.3,0.196,0.589,0.222,0.624,0.352,0.232,0.218,0.511,0.531,0.524,0.665,0.241,0.527,1
0.317,0.63,0.253,0.175,0.227,0.565,0.549,0.549,0.27,0.042,0.4,0.137,0.307,0.222,0.491,0.496,0.207,0.145,0.406,0.674,0.669,0.624,0.228,0.407,1
0.293,0.625,0.215,0.214,0.301,0.556,0.702,0.512,0.326,0.115,0.1,0.51,0.567,0.333,0.498,0.14,0.033,0.101,0.327,0.691,0.685,0.754,0.258,0.412,1
0.37,0.517,0.316,0.309,0.226,0.501,0.554,0.453,0.362,0.261,0.2,0.373,0.462,0.222,0.525,0.534,0.256,0.171,0.44,0.52,0.517,0.033,0.047,0.399,1
0.457,0.425,0.115,0.132,0.164,0.682,0.503,0.548,0.222,0.007,0.367,0.039,0.491,0.222,0.343,0.603,0.131,0.072,0.26,0.736,0.735,0.764,0.274,0.288,1
0.514,0.53,0.16,0.156,0.269,0.611,0.477,0.531,0.221,0.045,0.367,0.157,0.52,0.222,0.429,0.293,0.194,0.114,0.349,0.791,0.786,0.705,0.252,0.354,1
0.537,0.506,0.315,0.298,0.348,0.598,0.22,0.487,0.369,0.214,0.033,0.529,0.462,0.222,0.436,0.106,0.565,0.197,0.481,0.799,0.794,0.516,0.138,0.292,1
0.277,0.535,0.34,0.282,0.455,0.468,0.422,0.411,0.446,0.285,0,0.725,0.693,0.222,0.558,0.171,0.4,0.233,0.529,0.654,0.646,0.754,0.244,0.429,1
0.439,0.61,0.354,0.307,0.232,0.484,0.467,0.546,0.466,0.155,0.267,0.235,0.248,0.111,0.559,0.515,0.37,0.242,0.517,0.487,0.482,0.606,0.163,0.387,1
0.31,0.529,0.318,0.091,0.181,0.558,0.247,0.513,0.211,0.011,0.2,0.196,0.104,0.111,0.476,0.338,0.543,0.215,0.503,0.568,0.566,0.614,0.213,0.379,1
0.381,0.494,0.338,0.138,0.245,0.6,0.358,0.507,0.25,0.057,0.133,0.333,0.232,0.111,0.432,0.316,0.457,0.174,0.451,0.749,0.744,0.541,0.205,0.314,1
0.309,0.598,0.487,0.298,0.326,0.443,0.12,0.506,0.378,0.192,0.1,0.451,0.491,0.111,0.594,0.406,0.805,0.388,0.676,0.583,0.575,0.319,0.102,0.43,1
0.461,0.734,0.44,0.243,0.426,0.602,0.44,0.484,0.362,0.17,0.267,0.176,0.295,0.111,0.48,0.322,0.468,0.205,0.489,0.797,0.79,0.624,0.209,0.39,1
0.364,0.717,0.328,0.285,0.389,0.564,0.399,0.353,0.555,0.352,0.033,0.725,0.717,0.222,0.51,0.046,0.41,0.203,0.493,0.72,0.714,0.738,0.237,0.354,1
0.37,0.692,0.44,0.39,0.41,0.404,0.317,0.308,0.686,0.491,0.067,0.647,0.63,0.444,0.648,0.217,0.582,0.366,0.656,0.639,0.629,0.409,0.15,0.486,1
0.43,0.594,0.226,0.261,0.228,0.639,0.606,0.63,0.397,0.023,0.367,0.098,0.047,0,0.418,0.727,0.131,0.098,0.318,0.807,0.803,0.746,0.241,0.351,1
0.302,0.368,0.212,0.15,0.208,0.679,0.709,0.566,0.233,0.001,0.4,0.118,0.087,0.111,0.334,0.614,0.024,0.049,0.199,0.893,0.89,0.73,0.232,0.231,0
0.182,0.439,0.248,0.141,0.247,0.612,0.104,0.454,0.312,0.119,0.1,0.529,0.456,0.111,0.409,0.09,0.614,0.195,0.46,0.916,0.909,0.591,0.211,0.295,0
0.225,0.473,0.368,0.191,0.287,0.433,0.289,0.426,0.368,0.192,0.133,0.333,0.307,0.222,0.576,0.408,0.546,0.29,0.588,0.742,0.733,0.713,0.226,0.398,1
0.494,0.511,0.617,0.394,0.654,0.413,0.357,0.318,0.659,0.483,0.2,0.412,0.613,0.333,0.602,0.224,0.697,0.368,0.655,0.626,0.617,0.409,0.147,0.467,1
0.377,0.516,0.28,0.108,0.208,0.72,0.61,0.519,0.221,0.02,0.4,0.059,0.047,0.111,0.329,0.855,0.174,0.078,0.273,0.668,0.669,0.754,0.238,0.243,1
0.405,0.555,0.318,0.086,0.297,0.714,0.341,0.442,0.27,0.087,0.133,0.294,0.162,0.111,0.342,0.207,0.455,0.132,0.368,0.617,0.618,0.754,0.23,0.271,1
0.359,0.585,0.376,0.185,0.387,0.534,0.105,0.325,0.399,0.3,0.067,0.431,0.376,0.111,0.509,0.309,0.724,0.286,0.583,0.591,0.587,0.632,0.202,0.322,0
0.223,0.537,0.334,0.301,0.328,0.644,0.465,0.474,0.342,0.23,0.267,0.157,0.221,0.111,0.401,0.652,0.355,0.142,0.39,0.67,0.668,0.632,0.211,0.292,1
0.361,0.496,0.307,0.167,0.376,0.698,0.583,0.445,0.307,0.151,0.133,0.412,0.295,0.222,0.344,0.13,0.222,0.09,0.303,0.647,0.648,0.746,0.231,0.251,1
0.313,0.516,0.369,0.161,0.45,0.544,0.448,0.354,0.388,0.248,0.033,0.51,0.498,0.222,0.486,0.187,0.4,0.189,0.467,0.461,0.461,0.624,0.204,0.298,1
0.348,0.644,0.342,0.239,0.323,0.61,0.394,0.493,0.478,0.156,0.333,0.098,0.179,0.222,0.454,0.834,0.427,0.203,0.453,0.407,0.409,0.417,0.127,0.291,0
0.257,0.513,0.09,0.181,0.211,0.89,0.3,0.545,0.279,0.051,0.233,0.02,0.075,0.111,0.175,0.855,0.297,0.051,0.207,0.761,0.766,0.754,0.225,0.089,1
0.339,0.355,0.196,0.207,0.284,0.857,0.447,0.522,0.297,0.098,0.233,0.118,0.151,0.222,0.172,0.451,0.252,0.045,0.188,0.93,0.932,0.746,0.233,0.095,1
0.375,0.257,0.234,0.287,0.509,0.807,0.615,0.543,0.345,0.142,0.2,0.275,0.272,0.222,0.196,0.285,0.129,0.035,0.156,1,1,0.738,0.23,0.116,0
0.257,0.237,0.241,0.379,0.316,0.723,0.468,0.331,0.623,0.456,0,0.686,0.867,0.222,0.267,0.065,0.272,0.072,0.265,0.917,0.916,0.409,0.146,0.157,0
0.239,0.219,0.293,0.449,0.367,0.61,0.421,0.305,0.676,0.543,0.067,0.647,0.896,0.333,0.364,0.354,0.361,0.122,0.364,0.754,0.753,0.016,0.074,0.193,1
0.288,0.225,0.204,0.166,0.26,0.75,0.571,0.511,0.311,0.075,0.367,0.039,0.093,0.222,0.24,0.692,0.144,0.047,0.194,0.865,0.866,0.722,0.218,0.118,1
0.33,0.465,0.219,0.183,0.442,0.751,0.341,0.501,0.356,0.101,0.2,0.275,0.243,0.222,0.29,0.176,0.371,0.1,0.304,0.877,0.875,0.754,0.219,0.2,1
0.304,0.429,0.381,0.329,0.257,0.567,0.249,0.455,0.434,0.275,0.2,0.275,0.498,0.333,0.447,0.499,0.595,0.22,0.503,0.79,0.784,0.476,0.136,0.225,1
0.377,0.425,0.212,0.199,0.303,0.757,0.378,0.541,0.334,0.071,0.2,0.216,0.456,0.111,0.276,0.349,0.33,0.084,0.289,0.988,0.985,0.722,0.227,0.15,1
0.304,0.355,0.339,0.257,0.325,0.616,0.046,0.395,0.405,0.282,0.033,0.49,0.664,0.111,0.387,0.276,0.746,0.212,0.498,0.905,0.9,0.28,0.129,0.226,1
0.304,0.479,0.349,0.287,0.33,0.57,0.27,0.362,0.425,0.344,0.033,0.627,0.85,0.444,0.455,0.166,0.548,0.208,0.5,0.89,0.882,0.746,0.236,0.264,1
0.346,0.563,0.388,0.319,0.308,0.434,0.123,0.337,0.496,0.399,0.167,0.412,0.573,0.333,0.595,0.377,0.718,0.358,0.654,0.701,0.692,0.459,0.148,0.322,1
0.288,0.693,0.495,0.516,0.375,0.433,0.117,0.007,0.999,0.933,0.133,0.627,0.613,0.556,0.623,0.036,0.815,0.417,0.701,0.541,0.533,0.549,0.173,0.378,1
0.472,0.615,0.445,0.286,0.454,0.61,0.25,0.387,0.396,0.315,0.4,0.137,0.301,0.333,0.448,0.82,0.649,0.244,0.517,0.373,0.376,0.026,0.026,0.285,1
0.441,0.671,0.231,0.181,0.35,0.692,0.311,0.496,0.278,0.106,0.233,0.255,0.29,0.333,0.386,0.283,0.409,0.143,0.396,0.669,0.668,0.754,0.229,0.253,0
0.264,0.602,0.133,0.081,0.151,0.812,0.653,0.473,0.251,0.047,0.333,0.059,0.208,0.333,0.264,0.839,0.007,0.034,0.144,0.818,0.819,0.738,0.23,0.169,1
0.326,0.456,0.091,0.08,0.233,0.775,0.609,0.456,0.243,0.066,0.233,0.216,0.248,0.222,0.267,0.187,0.013,0.036,0.153,0.923,0.922,0.754,0.228,0.2,1
0.415,0.425,0.253,0.342,0.344,0.585,0.346,0.348,0.616,0.405,0,0.627,0.416,0.556,0.43,0.038,0.394,0.164,0.427,0.842,0.836,0.156,0.12,0.272,0
0.184,0.451,0.391,0.596,0.26,0.533,0.095,0.147,0.946,0.842,0.067,0.804,0.515,0.444,0.482,0.008,0.746,0.274,0.576,0.793,0.786,0.311,0.129,0.283,0
0.191,0.497,0.411,0.698,0.392,0.554,0.022,0.21,0.859,0.858,0.167,0.451,0.416,0.556,0.473,0.248,0.831,0.287,0.588,0.647,0.643,0.098,0.099,0.283,0
0.264,0.598,0.263,0.266,0.361,0.64,0.512,0.536,0.377,0.132,0.3,0.196,0.248,0.222,0.417,0.287,0.25,0.122,0.367,0.716,0.713,0.705,0.219,0.258,0
0.197,0.597,0.261,0.329,0.438,0.628,0.498,0.495,0.431,0.231,0.1,0.51,0.462,0.444,0.428,0.013,0.262,0.125,0.368,0.833,0.827,0.713,0.174,0.24,1
0.299,0.53,0.262,0.182,0.346,0.702,0.657,0.486,0.314,0.118,0.267,0.118,0.214,0.222,0.348,0.474,0.114,0.069,0.257,0.893,0.889,0.567,0.164,0.206,0
0.217,0.408,0.209,0.174,0.31,0.744,0.478,0.495,0.288,0.101,0.3,0.137,0.237,0.222,0.284,0.429,0.235,0.074,0.265,0.927,0.925,0.73,0.23,0.188,1
0.288,0.155,0.248,0.31,0.25,0.675,0.488,0.468,0.448,0.245,0.067,0.412,0.283,0.222,0.292,0.156,0.26,0.079,0.28,0.714,0.716,0.435,0.156,0.196,1
0.341,0.268,0.279,0.355,0.336,0.64,0.346,0.477,0.443,0.273,0.167,0.392,0.301,0.444,0.348,0.226,0.418,0.126,0.377,0.582,0.585,0.656,0.215,0.202,1
0.335,0.29,0.341,0.267,0.448,0.623,0.519,0.371,0.453,0.317,0.1,0.529,0.365,0.333,0.367,0.112,0.31,0.113,0.351,0.679,0.679,0.764,0.23,0.214,0
0.257,0.557,0.349,0.297,0.444,0.614,0.559,0.25,0.592,0.477,0,0.627,0.381,0.222,0.432,0.018,0.28,0.134,0.392,0.49,0.492,0.246,0.116,0.261,1
0.317,0.62,0.256,0.351,0.164,0.646,0.237,0.476,0.413,0.27,0.3,0.255,0.307,0.333,0.417,0.599,0.499,0.177,0.449,0.186,0.194,0.098,0.096,0.26,0
0.257,0.575,0.256,0.19,0.212,0.778,0.228,0.507,0.264,0.101,0.3,0.137,0.191,0.222,0.289,0.46,0.507,0.118,0.36,0.343,0.353,0.73,0.193,0.198,1
0.397,0.451,0.147,0.228,0.2,0.878,0.317,0.533,0.308,0.103,0.3,0.039,0.122,0.222,0.173,0.823,0.331,0.056,0.217,0.587,0.596,0.746,0.236,0.095,0
0.262,0.289,0.056,0.116,0.185,0.952,0.25,0.444,0.249,0.109,0.333,0.059,0.11,0.222,0.073,0.603,0.315,0.031,0.139,0.853,0.861,0.746,0.23,0.041,1
0.69,0.284,0.22,0.084,0.321,0.815,0.343,0.401,0.269,0.13,0.067,0.471,0.202,0.333,0.195,0.079,0.37,0.069,0.24,0.948,0.949,0.746,0.245,0.178,1
0.346,0.306,0.342,0.283,0.387,0.636,0,0.137,0.626,0.592,0,0.765,0.429,0.333,0.359,0.063,0.792,0.203,0.493,0.961,0.955,0.205,0.125,0.195,1
0.282,0.342,0.36,0.296,0.384,0.447,0.245,0.302,0.483,0.419,0.233,0.333,0.243,0.222,0.536,0.4,0.58,0.271,0.568,0.742,0.733,0.467,0.156,0.306,0
0.259,0.527,0.481,0.585,0.387,0.513,0.3,0.158,0.926,0.821,0.133,0.843,0.48,0.556,0.516,0.06,0.633,0.268,0.569,0.632,0.627,0.64,0.193,0.325,0
0.239,0.708,0.436,0.587,0.565,0.552,0.215,0,1,1,0.033,0.882,0.734,0.444,0.519,0.138,0.673,0.282,0.585,0.419,0.418,0.091,0.09,0.298,1
0.435,0.619,0.398,0.606,0.364,0.521,0.095,0.165,0.828,0.83,0.167,0.627,0.768,0.556,0.528,0.124,0.752,0.309,0.611,0.518,0.515,0.526,0.18,0.333,0
0.273,0.598,0.38,0.437,0.293,0.606,0.468,0.488,0.536,0.328,0.3,0.275,0.399,0.222,0.448,0.26,0.391,0.17,0.437,0.709,0.705,0.173,0.13,0.284,0
0.175,0.747,0.316,0.346,0.392,0.618,0.478,0.473,0.518,0.269,0.133,0.529,0.429,0.556,0.468,0.138,0.327,0.16,0.421,0.656,0.652,0.738,0.237,0.289,1
0.364,0.669,0.338,0.642,0.266,0.593,0.384,0.345,0.852,0.659,0.4,0.275,0.664,0.444,0.475,0.293,0.433,0.2,0.477,0.652,0.648,0.606,0.186,0.282,0
0.182,0.768,0.259,0.229,0.499,0.653,0.63,0.437,0.385,0.211,0.133,0.431,0.387,0.222,0.441,0.145,0.137,0.105,0.335,0.599,0.597,0.689,0.212,0.277,1
0.355,0.681,0.275,0.232,0.299,0.744,0.289,0.423,0.375,0.23,0.367,0.216,0.29,0.333,0.341,0.733,0.467,0.149,0.378,0.407,0.413,0,0.07,0.206,1
0.284,0.346,0.051,0.11,0.216,1,0.471,0.501,0.25,0.041,0.433,0.02,0.058,0.111,0.042,0.893,0.106,0.007,0.033,0.777,0.787,0.78,0.277,0.063,0
0.228,0.143,0,0.108,0.146,0.992,0.445,0.508,0.259,0.031,0.433,0.039,0.064,0.111,0.007,0.806,0.086,0,0,0.896,0.906,0.787,0.286,0.021,0
0.262,0,0.089,0.12,0.256,0.961,0.512,0.501,0.247,0.049,0.433,0.039,0.093,0.222,0.004,0.969,0.101,0.001,0.005,0.89,0.9,0.697,0.257,0,0
0.266,0.147,0.083,0.313,0.236,1,0.467,0.55,0.354,0.156,0.233,0.216,0.277,0.222,0,0.438,0.137,0.003,0.017,0.912,0.922,0.803,0.292,0.009,1
0.288,0.199,0.199,0.43,0.433,0.796,0.541,0.612,0.355,0.183,0.2,0.333,0.336,0.222,0.193,0.089,0.169,0.041,0.169,0.775,0.779,0.78,0.274,0.134,0
0.217,0.369,0.14,0.218,0.317,0.792,0.549,0.528,0.283,0.101,0.433,0.098,0.208,0.333,0.233,0.476,0.11,0.04,0.17,0.623,0.629,0.648,0.237,0.115,0
0.208,0.306,0.114,0.291,0.23,0.83,0.462,0.585,0.434,0.098,0.3,0.255,0.277,0.333,0.186,0.4,0.169,0.039,0.163,0.704,0.71,0.764,0.278,0.089,0
0.273,0.403,0.256,0.386,0.216,0.642,0.115,0.584,0.367,0.178,0.1,0.412,0.318,0.333,0.374,0.355,0.612,0.181,0.453,0.736,0.735,0.469,0.191,0.248,1
0.299,0.341,0.227,0.241,0.332,0.687,0.449,0.529,0.348,0.119,0.167,0.333,0.261,0.222,0.321,0.221,0.278,0.091,0.305,0.827,0.825,0.098,0.148,0.153,0
0.248,0.392,0.272,0.295,0.388,0.693,0.556,0.505,0.369,0.191,0.233,0.333,0.33,0.333,0.326,0.247,0.217,0.082,0.284,0.884,0.881,0.803,0.296,0.192,1
0.29,0.388,0.307,0.331,0.343,0.675,0.411,0.442,0.489,0.292,0.267,0.353,0.405,0.444,0.342,0.418,0.381,0.117,0.348,0.823,0.821,0.73,0.268,0.205,0
0.255,0.374,0.129,0.141,0.186,0.861,0.395,0.476,0.288,0.094,0.467,0.02,0.117,0.222,0.172,0.781,0.244,0.045,0.186,0.842,0.846,0.821,0.313,0.078,0
0.257,0.411,0.116,0.14,0.3,0.877,0.441,0.463,0.256,0.108,0.433,0.059,0.133,0.222,0.166,0.606,0.19,0.037,0.16,0.834,0.838,0.821,0.306,0.079,1
0.408,0.382,0.097,0.132,0.159,0.889,0.502,0.472,0.269,0.091,0.433,0.039,0.104,0.222,0.149,0.847,0.117,0.025,0.117,0.742,0.748,0.829,0.316,0.075,1
0.554,0.27,0.108,0.168,0.202,0.881,0.459,0.478,0.295,0.115,0.333,0.157,0.208,0.222,0.132,0.488,0.166,0.027,0.126,0.748,0.755,0.813,0.316,0.03,1
0.441,0.115,0.151,0.275,0.245,0.726,0.266,0.474,0.348,0.209,0.133,0.549,0.567,0.333,0.238,0,0.382,0.079,0.273,0.741,0.745,0.803,0.29,0.126,0
0.266,0.202,0.276,0.295,0.342,0.643,0.448,0.27,0.568,0.454,0.033,0.863,0.942,0.444,0.331,0.054,0.321,0.101,0.329,0.689,0.69,0.78,0.288,0.215,1
0.35,0.304,0.303,0.304,0.409,0.49,0.269,0.241,0.573,0.493,0.167,0.647,0.601,0.556,0.489,0.156,0.509,0.216,0.492,0.59,0.586,0.23,0.173,0.32,1
0.395,0.348,0.277,0.378,0.323,0.693,0.55,0.516,0.602,0.248,0.467,0.078,0.226,0.333,0.317,0.613,0.226,0.088,0.278,0.637,0.64,0.476,0.216,0.187,0
0.135,0.342,0.166,0.253,0.272,0.77,0.385,0.583,0.411,0.068,0.467,0.078,0.11,0.333,0.247,0.353,0.285,0.072,0.246,0.602,0.608,0.575,0.266,0.184,0
0.266,0.218,0.225,0.352,0.202,0.697,0.351,0.638,0.434,0.089,0.3,0.275,0.221,0.333,0.287,0.257,0.367,0.095,0.306,0.604,0.608,0.829,0.319,0.191,1
0.381,0.226,0.298,0.302,0.139,0.477,0.302,0.558,0.404,0.137,0.433,0.196,0.157,0.333,0.485,0.636,0.474,0.209,0.498,0.518,0.517,0.764,0.316,0.338,0
0.211,0.328,0.471,1,0.706,0.511,0.709,1,0.509,0.226,0.5,0.157,0.232,0.333,0.476,0.602,0.246,0.162,0.402,0.491,0.49,0.526,0.231,0.316,1
0.401,0.396,0.409,0.358,1,0.651,0.792,0.639,0.348,0.094,0.4,0.098,0.173,0.111,0.365,0.278,0.116,0.074,0.264,0.594,0.595,0.78,0.325,0.247,0
0.204,0.449,0.352,0.284,0.536,0.647,0.639,0.53,0.434,0.154,0.467,0.098,0.168,0.333,0.38,0.441,0.209,0.103,0.314,0.528,0.53,0.821,0.307,0.251,0
0.257,0.474,0.17,0.13,0.218,0.691,0.683,0.521,0.363,0.035,0.433,0.039,0.082,0.222,0.345,0.33,0.012,0.052,0.204,0.766,0.764,0.746,0.342,0.258,0
0.131,0.424,0.27,0.529,0.393,0.59,0.638,0.706,0.353,0.162,0.233,0.353,0.352,0.222,0.425,0.093,0.139,0.099,0.311,0.747,0.743,0.598,0.233,0.285,1
0.31,0.556,0.429,0.796,0.357,0.576,0.31,0.623,0.599,0.477,0.167,0.49,0.503,0.222,0.466,0.107,0.58,0.218,0.512,0.662,0.658,0.394,0.223,0.291,0
0.246,0.409,0.295,0.504,0.295,0.574,0.76,0.668,0.389,0.183,0.467,0.176,0.208,0.222,0.437,0.512,0.048,0.081,0.281,0.684,0.681,0.656,0.298,0.331,1
0.299,0.564,0.398,0.546,0.639,0.64,0.687,0.741,0.336,0.137,0.3,0.314,0.226,0.222,0.41,0.333,0.203,0.105,0.324,0.678,0.676,0.829,0.333,0.313,1
0.308,0.471,0.571,0.607,0.508,0.514,0.321,0.644,0.457,0.296,0.433,0.275,0.341,0.222,0.503,0.412,0.691,0.275,0.574,0.54,0.538,0.772,0.476,0.365,1
0.508,0.585,0.544,0.774,0.518,0.49,0.175,0.329,0.837,0.788,0.467,0.255,0.567,0.222,0.549,0.345,0.803,0.348,0.642,0.626,0.62,0.409,0.369,0.343,0
0.239,0.562,0.369,0.448,0.23,0.603,0.631,0.546,0.426,0.273,0.3,0.235,0.312,0.222,0.443,0.247,0.231,0.126,0.377,0.82,0.813,0.614,0.482,0.336,0
0.228,0.616,0.324,0.255,0.264,0.619,0.439,0.406,0.392,0.268,0.267,0.392,0.393,0.222,0.44,0.188,0.37,0.155,0.423,0.719,0.715,0.764,0.589,0.329,1
0.463,0.562,0.373,0.666,0.463,0.533,0.607,0.428,0.746,0.587,0.133,0.922,0.947,0.556,0.505,0.036,0.256,0.159,0.43,0.684,0.678,0.803,0.598,0.353,1
0.475,0.612,0.538,0.537,0.617,0.444,0.599,0.252,0.828,0.676,0.067,0.804,0.706,0.556,0.595,0.176,0.405,0.262,0.556,0.591,0.584,0,0.086,0.296,1
0.337,0.753,0.448,0.306,0.27,0.548,0.073,0.46,0.345,0.25,0.333,0.294,0.376,0.111,0.532,0.689,0.815,0.327,0.625,0.024,0.03,0,0.059,0.334,1
0.328,0.529,0.159,0.363,0.098,0.698,0.386,0.507,0.51,0.245,0.667,0.039,0.157,0.111,0.351,0.8,0.278,0.106,0.33,0.415,0.421,0.829,0.634,0.305,1
0.295,0.477,0.309,0.281,0.4,0.577,0.691,0.483,0.635,0.204,0.133,0.569,0.405,0.444,0.448,0.084,0.124,0.106,0.329,0.431,0.436,0.852,0.656,0.324,0
0.273,0.612,0.604,0.228,0.776,0.316,0.742,0.399,0.428,0.254,0.267,0.392,0.266,0.333,0.71,0.068,0.329,0.296,0.541,0.315,0.312,0.738,0.595,0.502,0
0.131,0.752,0.7,0.07,0.666,0.395,0.138,0.359,0.209,0.166,0.3,0.255,0.272,0.111,0.669,0.595,0.971,0.535,0.779,0.241,0.242,0.033,0.119,0.525,1
0.377,0.614,0.487,0.043,0.394,0.504,0.414,0.42,0.188,0.075,0.3,0.235,0.144,0,0.542,0.463,0.533,0.258,0.558,0.653,0.65,0.713,0.541,0.451,1
0.299,0.656,0.39,0.141,0.374,0.499,0.56,0.414,0.353,0.164,0.3,0.353,0.237,0.111,0.556,0.372,0.314,0.203,0.492,0.903,0.894,0.821,0.642,0.415,0
0.14,0.642,0.416,0.135,0.315,0.415,0.311,0.452,0.258,0.116,0.367,0.176,0.087,0,0.628,0.219,0.568,0.323,0.619,0.702,0.695,0.36,0.42,0.522,1
0.43,0.588,0.505,0.318,0.387,0.504,0.243,0.358,0.458,0.375,0.4,0.176,0.405,0.111,0.537,0.442,0.707,0.308,0.609,0.55,0.55,0.606,0.499,0.453,0
0.257,0.683,0.481,0.289,0.254,0.532,0.238,0.327,0.472,0.385,0.133,0.49,0.445,0.333,0.532,0.125,0.691,0.294,0.596,0.683,0.68,0.78,0.564,0.447,1
0.388,0.672,0.51,0.214,0.418,0.503,0.158,0.348,0.44,0.298,0.6,0.137,0.157,0.333,0.555,0.261,0.79,0.343,0.642,0.694,0.69,0.754,0.597,0.492,1
0.368,0.712,0.541,0.479,0.58,0.51,0.223,0.214,0.735,0.67,0.3,0.569,0.56,0.444,0.558,0.033,0.756,0.329,0.629,0.73,0.724,0.73,0.646,0.52,1
0.284,0.681,0.478,0.574,0.404,0.351,0.566,0.229,0.897,0.732,0.433,0.627,0.589,0.444,0.693,0.166,0.384,0.319,0.62,0.569,0.562,0.64,0.551,0.555,0
0.268,0.851,0.66,0.154,0.628,0.247,0.455,0.492,0.249,0.088,0.6,0.118,0.018,0.222,0.822,0.484,0.643,0.581,0.804,0.486,0.475,0.246,0.399,0.694,0
0.191,0.756,0.933,0.174,0.851,0.123,0.724,0.549,0.225,0.04,0.467,0.157,0.035,0.333,0.913,0.361,0.628,0.694,0.869,0.438,0.424,0.656,0.582,0.816,0
0.204,0.658,0.828,0.233,0.401,0.368,0.335,0.546,0.216,0.093,0.3,0.196,0.133,0,0.673,0.367,0.899,0.52,0.764,0.374,0.371,0.075,0.079,0.576,1
0.37,0.645,0.445,0.134,0.257,0.405,0.693,0.521,0.211,0.038,0.367,0.235,0.122,0,0.637,0.334,0.238,0.225,0.522,0.783,0.773,0.919,0.759,0.571,0
0.237,0.703,0.475,0.254,0.278,0.418,0.533,0.326,0.47,0.356,0.333,0.431,0.33,0.333,0.638,0.121,0.413,0.286,0.586,0.748,0.74,0.689,0.66,0.585,0
0.248,0.707,0.611,0.348,0.371,0.415,0.356,0.228,0.594,0.544,0.333,0.353,0.365,0.222,0.642,0.25,0.693,0.391,0.679,0.492,0.488,0,0.248,0.558,0
0.239,0.798,0.488,0.087,0.434,0.404,0.613,0.431,0.252,0.099,0.567,0.098,0.069,0,0.671,0.935,0.349,0.301,0.591,0.479,0.474,0.049,0.117,0.46,0
0.242,0.711,0.32,0.1,0.189,0.509,0.693,0.491,0.211,0.043,0.6,0.039,0,0,0.558,0.987,0.131,0.154,0.422,0.628,0.625,0.352,0.492,0.424,1
0.282,0.618,0.419,0.064,0.192,0.551,0.168,0.439,0.168,0.072,0.333,0.235,0.168,0,0.501,0.397,0.703,0.271,0.566,0.401,0.405,0.106,0.252,0.385,0
0.248,0.537,0.346,0.31,0.155,0.464,0.177,0.38,0.4,0.342,0.5,0.275,0.301,0.333,0.562,0.224,0.631,0.296,0.596,0.397,0.398,0.837,0.756,0.504,1
0.397,0.563,0.381,0.362,0.256,0.429,0.291,0.155,0.635,0.639,0.467,0.471,0.538,0.667,0.598,0.114,0.556,0.307,0.607,0.571,0.567,0.689,0.717,0.559,1
0.29,0.477,0.558,0.767,0.308,0.411,0.096,0.266,0.757,0.852,0.8,0.176,0.589,0.222,0.597,0.104,0.889,0.414,0.699,0.661,0.656,0,0.237,0.526,1
0.499,0.551,0.679,0.887,0.581,0.413,0.207,0.23,0.853,0.993,0.7,0.373,0.786,0.333,0.61,0.059,0.89,0.428,0.71,0.698,0.691,0.73,0.697,0.642,1
0.35,0.597,0.647,0.599,0.439,0.338,0.276,0.319,0.666,0.653,0.533,0.51,0.613,0.444,0.687,0.034,0.798,0.479,0.746,0.564,0.557,0.614,0.648,0.645,1
0.319,0.688,0.68,0.446,0.372,0.244,0.416,0.27,0.577,0.58,0.733,0.255,0.393,0.333,0.791,0.372,0.697,0.56,0.797,0.426,0.419,0.73,0.607,0.701,1
0.359,0.697,0.739,0.267,0.358,0.196,0.417,0.4,0.303,0.285,0.533,0.216,0.248,0.333,0.836,0.156,0.746,0.651,0.847,0.451,0.441,0.427,0.522,0.765,1
0.375,0.761,0.793,0.462,0.32,0.234,0.534,0.368,0.507,0.484,0.333,0.49,0.434,0.222,0.815,0.079,0.684,0.596,0.815,0.584,0.572,0.567,0.531,0.715,1
0.417,0.816,0.669,0.372,0.416,0.261,0.561,0.47,0.394,0.294,0.567,0.294,0.237,0.222,0.803,0.141,0.553,0.493,0.752,0.657,0.643,0.746,0.691,0.728,1
0.481,0.781,0.621,0.367,0.383,0.223,0.639,0.525,0.399,0.229,0.667,0.235,0.214,0.333,0.83,0.093,0.44,0.475,0.741,0.505,0.494,0.5,0.602,0.752,1
0.532,0.803,0.875,0.522,0.568,0.162,0.487,0.555,0.558,0.325,0.6,0.098,0.208,0.333,0.888,0.288,0.799,0.773,0.905,0.391,0.38,0.033,0.227,0.777,1
0.475,0.899,0.892,0.321,0.498,0.108,0.679,0.569,0.377,0.141,0.433,0.176,0.144,0.222,0.957,0.334,0.635,0.778,0.909,0.395,0.382,0.467,0.595,0.881,1
0.364,0.878,0.868,0.253,0.363,0.22,0.361,0.557,0.279,0.098,0.367,0.157,0.133,0.111,0.853,0.318,0.909,0.775,0.907,0.412,0.402,0.041,0.249,0.791,1
0.317,0.833,0.628,0.041,0.266,0.28,0.523,0.482,0.051,0.004,0.367,0.137,0.104,0,0.789,0.458,0.553,0.486,0.751,0.484,0.475,0.533,0.495,0.726,1
0.441,0.791,0.622,0,0.228,0.416,0.035,0.439,0.016,0.018,0.267,0.216,0.151,0,0.658,0.333,1,0.528,0.777,0.304,0.304,0,0.094,0.587,1
0.483,0.65,0.274,0.522,0.005,0.487,0.269,0.558,0.881,0.321,0.433,0.059,0.197,0,0.565,1,0.484,0.266,0.561,0.248,0.253,0.484,0.449,0.457,1
0.421,0.431,0.283,0.231,0.083,0.421,0.588,0.557,0.241,0.08,0.5,0.039,0.104,0,0.578,0.799,0.197,0.181,0.461,0.372,0.373,0.927,0.807,0.452,1
0.501,0.506,0.529,0.115,0.494,0.469,0.269,0.383,0.205,0.176,0.267,0.216,0.208,0.111,0.551,0.26,0.703,0.303,0.598,0.355,0.358,0.098,0.265,0.464,1
1,0.513,0.458,0.195,0.168,0.254,0.789,0.311,0.407,0.324,0.133,0.784,0.613,0.222,0.745,0.008,0.161,0.253,0.543,0.429,0.423,0.803,0.811,0.663,1
0.605,0.667,0.682,0.401,0.232,0.168,0.451,0.628,0.366,0.141,0.667,0.078,0.104,0.111,0.855,0.91,0.666,0.619,0.826,0.1,0.096,0.467,0.599,0.749,1
0.397,0.771,0.486,0.372,0.235,0.322,0.535,0.555,0.403,0.199,0.367,0.333,0.237,0.222,0.738,0.247,0.42,0.377,0.666,0.312,0.308,0.976,0.908,0.702,1
0.355,0.794,0.491,0.298,0.328,0.262,0.856,0.555,0.348,0.137,0.333,0.431,0.307,0.222,0.797,0.329,0.127,0.287,0.573,0.572,0.56,0.878,0.88,0.7,1
0.579,0.752,0.498,0.118,0.275,0.16,1,0.479,0.232,0.071,0.5,0.275,0.157,0,0.88,0.39,0,0.24,0.515,0.503,0.489,0.163,0.412,0.689,0
0.224,0.635,0.607,0.255,0.291,0.363,0.154,0.547,0.188,0.11,0.533,0.137,0.168,0,0.673,0.341,0.876,0.497,0.758,0.14,0.142,0.057,0.174,0.566,1
0.377,0.609,0.543,0.308,0.351,0.312,0.528,0.526,0.436,0.178,0.467,0.137,0.248,0.111,0.713,0.386,0.475,0.38,0.672,0.366,0.362,0.886,0.677,0.629,0
0.197,0.611,0.478,0.194,0.277,0.25,0.73,0.405,0.285,0.218,0.333,0.49,0.283,0.222,0.77,0.17,0.232,0.308,0.604,0.56,0.55,0.992,0.916,0.699,1
0.364,0.576,0.444,0.315,0.247,0.232,0.714,0.411,0.42,0.313,0.5,0.471,0.307,0.222,0.778,0.076,0.218,0.309,0.608,0.523,0.513,0.984,0.894,0.72,1
0.397,0.542,0.467,0.246,0.304,0.242,0.766,0.314,0.495,0.364,0.5,0.529,0.323,0.444,0.762,0.136,0.189,0.285,0.586,0.453,0.445,0.969,0.909,0.712,1
0.397,0.539,0.498,0.244,0.253,0.168,0.65,0.325,0.45,0.35,0.6,0.471,0.347,0.333,0.828,0.072,0.324,0.402,0.679,0.508,0.497,0.902,0.815,0.766,1
0.373,0.665,0.707,0.439,0.636,0.089,0.829,0.175,0.875,0.681,0.733,0.784,0.589,1,0.925,0.074,0.337,0.515,0.769,0.514,0.499,0.992,0.865,0.843,1
0.517,0.675,0.644,0.258,0.325,0.044,0.945,0.477,0.358,0.191,0.867,0.392,0.208,0.444,0.967,0.124,0.175,0.448,0.714,0.491,0.475,0.878,0.956,0.885,1
0.277,0.659,0.747,0.378,0.31,0.175,0.433,0.611,0.162,0.141,0.633,0.118,0.144,0,0.847,0.722,0.738,0.651,0.847,0.424,0.413,0,0.153,0.739,1
0.443,0.624,0.732,0.024,0.291,0.3,0.176,0.473,0,0,0.467,0.137,0.098,0,0.727,0.825,0.963,0.605,0.823,0.303,0.299,0,0.091,0.635,1
0.437,0.623,0.62,0.036,0.29,0.224,0.772,0.393,0.125,0.1,0.333,0.314,0.168,0,0.795,0.381,0.316,0.393,0.672,0.261,0.256,0.163,0.343,0.65,1
0.463,0.565,0.598,0.196,0.292,0.122,0.719,0.346,0.304,0.286,0.4,0.451,0.261,0.667,0.874,0.244,0.345,0.444,0.715,0.314,0.305,0.992,0.911,0.784,1
0.364,0.533,0.686,0.214,0.303,0.16,0.681,0.329,0.295,0.32,0.667,0.275,0.221,0.444,0.833,0.189,0.456,0.484,0.75,0.314,0.306,0.894,0.799,0.776,1
0.45,0.501,0.784,0.379,0.484,0.151,0.55,0.277,0.492,0.517,0.5,0.412,0.341,0.667,0.834,0.152,0.661,0.594,0.817,0.394,0.385,0.992,0.846,0.825,1
0.375,0.542,0.692,0.359,0.401,0.163,0.78,0.473,0.368,0.281,0.533,0.412,0.312,0.444,0.832,0.152,0.37,0.439,0.716,0.398,0.389,0.992,0.986,0.832,1
0.463,0.585,0.654,0.44,0.319,0.092,0.694,0.397,0.44,0.433,0.833,0.137,0.318,0.444,0.905,0.124,0.417,0.541,0.779,0.299,0.289,0.852,0.894,0.898,1
0.35,0.627,0.909,0.492,0.272,0,0.546,0.47,0.409,0.394,0.667,0.176,0.336,0.222,0.996,0.015,0.772,0.948,0.979,0.373,0.358,0.713,0.805,1,1
0.537,0.703,1,0.567,0.402,0.014,0.578,0.404,0.467,0.531,0.467,0.275,0.445,0.222,1,0.12,0.821,1,1,0.229,0.216,0.083,0.399,0.98,1
0.412,0.628,0.734,0.366,0.041,0.211,0.329,0.593,0.205,0.151,0.7,0.118,0.221,0,0.807,0.508,0.823,0.682,0.848,0,0,0.14,0.184,0.719,1
0.428,0.587,0.471,0.335,0,0.193,0.592,0.575,0.27,0.146,0.8,0.098,0.162,0.111,0.815,0.757,0.354,0.42,0.703,0.138,0.135,0.829,0.802,0.752,1
0.335,0.637,0.541,0.321,0.136,0.169,0.651,0.574,0.28,0.135,0.833,0.137,0.139,0.111,0.847,0.601,0.36,0.449,0.725,0.299,0.292,1,1,0.818,1
0.43,0.723,0.806,0.093,0.3,0.052,0.668,0.407,0.207,0.132,1,0,0.098,0.111,0.97,0.394,0.571,0.736,0.885,0.3,0.289,0.78,0.788,0.975,1
0.517,0.735,0.927,0.009,0.488,0.1,0.514,0.394,0.069,0.076,0.567,0.196,0.214,0,0.93,0.246,0.818,0.854,0.942,0.042,0.036,0.246,0.325,0.848,1
0.304,0.761,0.835,0.208,0.341,0.048,0.811,0.404,0.305,0.231,0.933,0.294,0.266,0.222,0.982,0.26,0.464,0.691,0.867,0.11,0.101,0.722,0.73,0.91,1
